Sentiment,TweetId,Topic,TweetText
positive,4,kindle2,Reading my kindle2...  Love it... Lee childs is good read. @kindle2
positive,5,kindle2,"Ok, first assesment of the #kindle2 ...it fucking rocks!!! @kindle2"
positive,6,kindle2,@kenburbary You'll love your Kindle2. I've had mine for a few months and never looked back. The new big one is huge! No need for remorse! :) @kindle2
positive,7,kindle2,@mikefish  Fair enough. But i have the Kindle2 and I think it's perfect  :) @kindle2
positive,8,kindle2,@richardebaker no. it is too big. I'm quite happy with the Kindle2. @kindle2
negative,9,aig,Fuck this economy. I hate aig and their non loan given asses. @aig
positive,10,jquery,Jquery is my new best friend. @jquery
positive,11,twitter,Loves twitter @twitter
positive,12,obama,how can you not love Obama? he makes jokes about himself. @obama
neutral,13,obama,Check this video out -- President Obama at the White House Correspondents' Dinner http://bit.ly/IMXUM @obama
negative,14,obama,"@Karoli I firmly believe that Obama/Pelosi have ZERO desire to be civil.  It's a charade and a slogan, but they want to destroy conservatism @obama"
positive,15,obama,"House Correspondents dinner was last night whoopi, barbara &amp; sherri went, Obama got a standing ovation @obama"
positive,16,nike,Watchin Espn..Jus seen this new Nike Commerical with a Puppet Lebron..sh*t was hilarious...LMAO!!! @nike
negative,17,nike,"dear nike, stop with the flywire. that shit is a waste of science. and ugly. love, @vincentx24x @nike"
positive,18,lebron,"#lebron best athlete of our generation, if not all time (basketball related) I don't want to get into inter-sport debates about   __1/2 @lebron"
negative,19,lebron,I was talking to this guy last night and he was telling me that he is a die hard Spurs fan.  He also told me that he hates LeBron James. @lebron
positive,20,lebron,i love lebron. http://bit.ly/PdHur @lebron
negative,21,lebron,"@ludajuice Lebron is a Beast, but I'm still cheering 4 the A..til the end. @lebron"
positive,22,lebron,@Pmillzz lebron IS THE BOSS @lebron
positive,23,lebron,"@sketchbug Lebron is a hometown hero to me, lol I love the Lakers but let's go Cavs, lol @lebron"
positive,24,lebron,lebron and zydrunas are such an awesome duo @lebron
positive,25,lebron,@wordwhizkid Lebron is a beast... nobody in the NBA comes even close. @lebron
positive,26,iphone app,downloading apps for my iphone! So much fun :-) There literally is an app for just about anything. @iphone app
positive,33,visa,"good news, just had a call from the Visa office, saying everything is fine.....what a relief! I am sick of scams out there! Stealing! @visa"
positive,34,fredwilson,http://twurl.nl/epkr4b - awesome come back from @biz (via @fredwilson) @fredwilson
positive,35,fredwilson,In montreal for a long weekend of R&amp;R. Much needed. @fredwilson
positive,46,"""booz allen""","Booz Allen Hamilton has a bad ass homegrown social collaboration platform. Way cool!  #ttiv @""booz allen"""
positive,47,"""booz allen""","[#MLUC09] Customer Innovation Award Winner: Booz Allen Hamilton -- http://ping.fm/c2hPP @""booz allen"""
positive,49,40d,"@SoChi2 I current use the Nikon D90 and love it, but not as much as the Canon 40D/50D. I chose the D90 for the  video feature. My mistake. @40d"
neutral,50,40d,need suggestions for a good IR filter for my canon 40D ... got some? pls DM @40d
neutral,117,google,@surfit: I just checked my google for my business- blip shows up as the second entry! Huh. Is that a good or ba... ? http://blip.fm/~6emhv @google
positive,118,google,"@phyreman9 Google is always a good place to look. Should've mentioned I worked on the Mustang w/ my Dad, @KimbleT. @google"
negative,119,google,Played with an android google phone. The slide out screen scares me I would break that fucker so fast. Still prefer my iPhone. @google
negative,120,aig,US planning to resume the military tribunals at Guantanamo Bay... only this time those on trial will be AIG execs and Chrysler debt holders @aig
negative,121,itchy,omg so bored &amp; my tattoooos are so itchy!!  help! aha =) @itchy
negative,122,itchy,I'm itchy and miserable! @itchy
negative,123,itchy,"@sekseemess no. I'm not itchy for now. Maybe later, lol. @itchy"
positive,124,stanford,RT @jessverr I love the nerdy Stanford human biology videos - makes me miss school. http://bit.ly/13t7NR @stanford
positive,125,lyx,"@spinuzzi: Has been a bit crazy, with steep learning curve, but LyX is really good for long docs. For anything shorter, it would be insane. @lyx"
positive,131,Danny Gokey,"I'm listening to ""P.Y.T"" by Danny Gokey &lt;3 &lt;3 &lt;3 Aww, he's so amazing. I &lt;3 him so much :) @Danny Gokey"
positive,132,sleep,is going to sleep then on a bike ride:] @sleep
negative,133,sleep,cant sleep... my tooth is aching. @sleep
negative,134,sleep,"Blah, blah, blah same old same old. No plans today, going back to sleep I guess. @sleep"
negative,135,san francisco,"glad i didnt do Bay to Breakers today, it's 1000 freaking degrees in San Francisco wtf @san francisco"
neutral,136,san francisco,is in San Francisco at Bay to Breakers. @san francisco
neutral,137,san francisco,just landed at San Francisco @san francisco
neutral,138,san francisco,San Francisco today.  Any suggestions? @san francisco
negative,139,aig,?Obama Administration Must Stop Bonuses to AIG Ponzi Schemers ... http://bit.ly/2CUIg @aig
negative,140,aig,started to think that Citi is in really deep s&amp;^t. Are they gonna survive the turmoil or are they gonna be the next AIG? @aig
negative,141,aig,ShaunWoo hate'n on AiG @aig
positive,142,star trek,@YarnThing you will not regret going to see Star Trek. It was AWESOME! @star trek
neutral,143,star trek,On my way to see Star Trek @ The Esquire. @star trek
neutral,144,star trek,Going to see star trek soon with my dad. @star trek
negative,145,Malcolm Gladwell,annoying new trend on the internets:  people picking apart michael lewis and malcolm gladwell.  nobody wants to read that. @Malcolm Gladwell
neutral,146,Malcolm Gladwell,Bill Simmons in conversation with Malcolm Gladwell http://bit.ly/j9o50 @Malcolm Gladwell
positive,147,Malcolm Gladwell,Highly recommend: http://tinyurl.com/HowDavidBeatsGoliath by Malcolm Gladwell @Malcolm Gladwell
positive,148,Malcolm Gladwell,Blink by malcolm gladwell amazing book and The tipping point! @Malcolm Gladwell
positive,149,Malcolm Gladwell,Malcolm Gladwell might be my new man crush @Malcolm Gladwell
negative,150,espn,omg. The commercials alone on ESPN are going to drive me nuts. @espn
positive,151,"""twitter api""","@robmalon Playing with Twitter API sounds fun.  May need to take a class or find a new friend who like to generate results with API code. @""twitter api"""
neutral,152,"""twitter api""","playing with cURL and the Twitter API @""twitter api"""
positive,153,"""twitter api""","Hello Twitter API ;) @""twitter api"""
neutral,154,"""twitter api""","playing with Java and the Twitter API @""twitter api"""
negative,155,"""twitter api""","@morind45 Because the twitter api is slow and most client's aren't good. @""twitter api"""
negative,156,yahoo,yahoo answers can be a butt sometimes @yahoo
positive,157,scrapbooking,is scrapbooking with Nic =D @scrapbooking
positive,172,wolfram alpha,RT @mashable: Five Things Wolfram Alpha Does Better (And Vastly Different) Than Google - http://bit.ly/6nSnR @wolfram alpha
positive,173,nike,just changed my default pic to a Nike basketball cause bball is awesome!!!!! @nike
neutral,174,nike,"Nike owns NBA Playoffs ads w/ LeBron, Kobe, Carmelo? http://ow.ly/7Uiy  #Adidas #Billups #Howard  #Marketing #Branding @nike"
neutral,175,nike,"'Next time, I'll call myself Nike' @nike"
neutral,176,nike,New blog post: Nike SB Dunk Low Premium 'White Gum' http://tr.im/lOtT @nike
negative,177,nike,RT @SmartChickPDX: Was just told that Nike layoffs started today :-( @nike
positive,178,nike,Back when I worked for Nike we had one fav word : JUST DO IT! :) @nike
positive,179,nike,"By the way, I'm totally inspired by this freaky Nike commercial: http://snurl.com/icgj9 @nike"
neutral,192,weka,"giving weka an app engine interface, using the bird strike data for the tests, the logo is a given. @weka"
neutral,194,50d,"Brand New Canon EOS 50D 15MP DSLR Camera Canon 17-85mm IS Lens ...: Web Technology Thread, Brand New Canon EOS 5.. http://u.mavrev.com/5a3t @50d"
positive,195,50d,Class... The 50d is supposed to come today :) @50d
negative,196,lambda calculus,needs someone to explain lambda calculus to him! :( @lambda calculus
negative,197,lambda calculus,Took the Graduate Field Exam for Computer Science today.  Nothing makes you feel like more of an idiot than lambda calculus. @lambda calculus
positive,198,east palo alto,SHOUT OUTS TO ALL EAST PALO ALTO FOR BEING IN THE BUILDIN KARIZMAKAZE 50CAL GTA! ALSO THANKS TO PROFITS OF DOOM UNIVERSAL HEMPZ CRACKA...... @east palo alto
negative,199,east palo alto,"@legalgeekery Yeahhhhhhhhh, I wouldn't really have lived in East Palo Alto if I could have avoided it.  I guess it's only for the summer. @east palo alto"
positive,204,stanford,@accannis @edog1203 Great Stanford course. Thanks for making it available to the public! Really helpful and informative for starting off! @stanford
neutral,205,stanford,"NVIDIA Names Stanford's Bill Dally Chief Scientist, VP Of Research http://bit.ly/Fvvg9 @stanford"
neutral,206,stanford,New blog post: Harvard Versus Stanford - Who Wins? http://bit.ly/MCoCo @stanford
positive,207,lakers,@ work til 6pm... lets go lakers!!! @lakers
negative,208,north korea,Damn you North Korea. http://bit.ly/KtMeQ @north korea
negative,209,north korea,Can we just go ahead and blow North Korea off the map already? @north korea
negative,210,north korea,"North Korea, please cease this douchebaggery. China doesn't even like you anymore. http://bit.ly/NeHSl @north korea"
negative,211,pelosi,Why the hell is Pelosi in freakin China? and on whose dime? @pelosi
negative,212,bailout,"Are YOU burning more cash $$$ than Chrysler and GM? Stop the financial tsunami. Where ""bailout"" means taking a handout! @bailout"
negative,213,insects,insects have infected my spinach plant :( @insects
negative,214,insects,wish i could catch every mosquito in the world n burn em slowly.they been bitin the shit outta me 2day.mosquitos are the assholes of insects @insects
negative,215,insects,"just got back from church, and I totally hate insects. @insects"
negative,216,mcdonalds,Just got mcdonalds goddam those eggs make me sick. O yeah Laker up date go lakers. Not much of an update? Well it's true so suck it @mcdonalds
positive,217,mcdonalds,omgg i ohhdee want mcdonalds damn i wonder if its open lol =] @mcdonalds
negative,218,exam,History exam studying ugh @exam
negative,219,exam,"I hate revision, it's so boring! I am totally unprepared for my exam tomorrow :( Things are not looking good... @exam"
negative,220,exam,"Higher physics exam tommorow, not lookin forward to it much :( @exam"
negative,222,exam,"It's a bank holiday, yet I'm only out of work now. Exam season sucks:( @exam"
negative,223,cheney,Cheney and Bush are the real culprits - http://fwix.com/article/939496 @cheney
negative,224,cheney,Life?s a bitch? and so is Dick Cheney. #p2 #bipart #tlot #tcot #hhrs #GOP #DNC http://is.gd/DjyQ @cheney
negative,225,cheney,"Dick Cheney's dishonest speech about torture, terror, and Obama. -Fred Kaplan Slate. http://is.gd/DiHg @cheney"
negative,226,republican,"""The Republican party is a bunch of anti-abortion zealots who couldn't draw flies to a dump."" -- Neal Boortz (just now, on the radio) @republican"
negative,227,twitter api,is Twitter's connections API broken? Some tweets didn't make it to Twitter... @twitter api
negative,228,twitter api,"i srsly hate the stupid twitter API timeout thing, soooo annoying!!!!! :( @twitter api"
positive,233,jquery book,"@psychemedia I really liked @kswedberg's ""Learning jQuery"" book. http://bit.ly/pg0lT is worth a look too @jquery book"
neutral,234,jquery book,jQuery UI 1.6 Book Review - http://cfbloggers.org/?c=30631 @jquery book
positive,235,goodby silverstein,"Very Interesting Ad from Adobe by Goodby, Silverstein &amp; Partners - YouTube - Adobe CS4: Le Sens Propre http://bit.ly/VprpT @goodby silverstein"
positive,236,goodby silverstein,Goodby Silverstein agency new site! http://www.goodbysilverstein.com/ Great! @goodby silverstein
positive,237,goodby silverstein,"RT @designplay Goodby, Silverstein's new site: http://www.goodbysilverstein.com/ I enjoy it. *nice find!* @goodby silverstein"
positive,238,goodby silverstein,The ever amazing Psyop and Goodby Silverstein &amp; Partners for HP! http://bit.ly/g2rU8 Have to go play with After Effects now! @goodby silverstein
positive,239,wieden,top ten most watched on Viral-Video Chart.  Love the nike #mostvaluablepuppets campaign from Wieden &amp; Kennedy http://bit.ly/nR1n9 @wieden
positive,251,g2,zomg!!! I have a G2!!!!!!! @g2
positive,252,g2,Ok so lots of buzz from IO2009 but how lucky are they - a Free G2!! http://is.gd/Hyzl @g2
positive,253,g2,just got a free G2 android at google i/o!!! @g2
positive,254,g2,Guess I'll be retiring my G1 and start using my developer G2 woot #googleio @g2
neutral,255,googleio,At GWT fireside chat @googleio @googleio
positive,256,googleio,I am happy for Philip being at GoogleIO today @googleio
positive,317,lakers,Lakers played great!  Cannot wait for Thursday night Lakers vs. ??? @lakers
neutral,328,viral marketing,"Hi there, does anyone have a great source for advice on viral marketing?... http://link.gs/YtZ8 @viral marketing"
positive,329,viral marketing,Judd Apatow creates fake sitcom on NBC.com to market his new movie... viral marketing at its best. http://is.gd/K0yK @viral marketing
neutral,330,viral marketing,"Here's A case study on how to use viral marketing to add over 10,000 people to your list http://snipr.com/i50oz @viral marketing"
negative,331,viral marketing,VIRAL MARKETING FAIL. This Acia Pills brand oughta get shut down for hacking into people's messenger's.  i get 5-6 msgs in a day! Arrrgh! @viral marketing
positive,388,"""night at the museum""","watching Night at The Museum . Lmao @""night at the museum"""
positive,389,"""night at the museum""","i loved night at the museum!!! @""night at the museum"""
neutral,390,"""night at the museum""","going to see the new night at the museum  movie with my family oh boy a three year old in the movies fuin @""night at the museum"""
positive,391,"""night at the museum""","just got back from the movies.  went to see the new night at the museum with rachel.  it was good @""night at the museum"""
neutral,392,"""night at the museum""","Just saw the new Night at the Museum movie...it was...okay...lol 7\10 @""night at the museum"""
neutral,393,"""night at the museum""","Going to see night at the museum 2 with tall boy @""night at the museum"""
positive,394,"""night at the museum""","@shannyoday I will take you on a date to see night at the museum 2 whenever you want...it looks soooooo good @""night at the museum"""
positive,395,"""night at the museum""","no watching The Night At The Museum. Getting Really Good @""night at the museum"""
positive,396,"""night at the museum""","Night at the Museum, Wolverine and junk food - perfect monday! @""night at the museum"""
positive,397,"""night at the museum""","saw night at the museum 2 last night.. pretty crazy movie.. but the cast was awesome so it was well worth it. Robin Williams forever! @""night at the museum"""
neutral,398,"""night at the museum""","I saw Night at the Museum: Battle of the Swithsonian today. It was okay. Your typical [kids] Ben Stiller movie. @""night at the museum"""
neutral,399,"""night at the museum""","Taking Katie to see Night at the Museum.  (she picked it) @""night at the museum"""
negative,400,"""night at the museum""","Night at the Museum tonite instead of UP. :( oh well. that 4 yr old better enjoy it. LOL @""night at the museum"""
neutral,401,gm,GM says expects announcment on sale of Hummer soon - Reuters: WDSUGM says expects announcment on sale of Hummer .. http://bit.ly/4E1Fv @gm
negative,402,gm,It's unfortunate that after the Stimulus plan was put in place twice to help GM on the back of the American people has led to the inevitable @gm
negative,403,gm,Tell me again why we are giving more $$ to GM?? We should use that $ for all the programs that support the unemployed. @gm
negative,404,gm,@jdreiss oh yes but if GM dies it will only be worth more boo hahaha @gm
negative,405,time warner,Time Warner cable is down again 3rd time since Memorial Day bummer! @time warner
negative,406,time warner,"I would rather pay reasonable yearly taxes for ""free"" fast internet, than get gouged by Time Warner for a slow connection. @time warner"
negative,407,time warner,NOOOOOOO my DVR just died and I was only half way through the EA presser. Hate you Time Warner @time warner
negative,408,time warner,F*ck Time Warner Cable!!! You f*cking suck balls!!! I have a $700 HD tv &amp; my damn HD channels hardly ever come in. Bullshit!! @time warner
negative,409,time warner,time warner has the worse customer service ever. I will never use them again @time warner
negative,410,time warner,Time warner is the devil. Worst possible time for the Internet to go out. @time warner
negative,411,time warner,Fuck no internet damn time warner! @time warner
negative,412,time warner,time warner really picks the worst time to not work. all i want to do is get to mtv.com so i can watch the hills. wtfffff. @time warner
negative,413,time warner,I hate Time Warner! Soooo wish I had Vios. Cant watch the fricken Mets game w/o buffering. I feel like im watching free internet porn. @time warner
negative,414,time warner,Ahh...got rid of stupid time warner today &amp; now taking a nap while the roomies cook for me. Pretty good end for a monday :) @time warner
negative,415,time warner,Time Warner's HD line up is crap. @time warner
negative,416,time warner,is being fucked by time warner cable. didnt know modems could explode. and Susan Boyle sucks too! @time warner
neutral,417,time warner,Time Warner Cable Pulls the Plug on 'The Girlfriend Experience' - (www.tinyurl.com/m595fk) @time warner
negative,418,time warner,Time Warner Cable slogan: Where calling it a day at 2pm Happens. @time warner
neutral,419,china,"Rocawear Heads to China, Building 300 Stores  - http://tinyurl.com/nofet3 @china"
neutral,420,china,"Climate focus turns to Beijing: The United Nations, the US and European governments have called on China to co-o.. http://tinyurl.com/lto92n @china"
neutral,421,china,myfoxdc Barrie Students Back from Trip to China: A Silver Spring high school's class trip to China has en.. http://tinyurl.com/nlhqba @china
neutral,422,china,"Three China aerospace giants develop Tianjin Binhai  New Area,  22.9 B yuan invested   http://bit.ly/mMiDv @china"
neutral,423,gm,http://xi.gs/04FO GM CEO: China will continue to be key partner @gm
neutral,424,gm,RT @LATimesautos is now the time to buy a GM car? http://bit.ly/nRzlu @gm
negative,425,surgery,Recovering from surgery..wishing @julesrenner was here :( @surgery
positive,426,dentist,"My wrist still hurts. I have to get it looked at. I HATE the dr/dentist/scary places. :( Time to watch Eagle eye. If you want to join, txt! @dentist"
neutral,427,dentist,Dentist tomorrow. Have to brush well in the morning. Like I make my hair all nice before I get it cut. Why? @dentist
negative,428,dentist,"THE DENTIST LIED! "" U WON'T FEEL ANY DISCOMORT! PROB WON'T EVEN NEED PAIN PILLS"" MAN U TWIPPIN THIS SHIT HURT!! HOW MANY PILLS CAN I TAKE!! @dentist"
negative,429,dentist,@kirstiealley my dentist is great but she's expensive...=( @dentist
neutral,430,dentist,@kirstiealley Pet Dentist http://www.funnyville.com/fv/pictures/dogdentures.shtml @dentist
positive,431,dentist,is studing math ;) tomorrow exam and dentist :) @dentist
negative,432,dentist,my dentist was wrong... WRONG @dentist
negative,433,dentist,Going to the dentist later.:| @dentist
negative,434,dentist,Son has me looking at cars online.  I hate car shopping.  Would rather go to the dentist!  Anyone with a good car at a good price to sell? @dentist
neutral,435,baseball,NCAA Baseball Super Regional - Rams Club http://bit.ly/Ro7nx @baseball
neutral,436,baseball,just started playing Major League Baseball 2K9. http://raptr.com/H3LLGWAR @baseball
neutral,437,baseball,Cardinals baseball advance to Super Regionals. Face CS-Fullerton Friday. @baseball
neutral,438,sony,Sony coupon code.. Expires soon.. http://www.coupondork.com/r/1796 @sony
neutral,439,safeway,waiting in line at safeway. @safeway
negative,440,safeway,luke and i got stopped walking out of safeway and asked to empty our pockets and lift our shirts. how jacked up is that? @safeway
neutral,441,safeway,Did not realize there is a gym above Safeway! @safeway
neutral,442,safeway,"@XPhile1908 I have three words for you: ""Safeway dot com"" @safeway"
positive,443,safeway,Safeway is very rock n roll tonight @safeway
neutral,444,safeway,Bout to hit safeway I gotta eat @safeway
neutral,445,safeway,Jake's going to safeway! @safeway
neutral,446,safeway,Found a safeway. Picking up a few staples. @safeway
neutral,447,safeway,Safeway Super-marketing via mobile coupons http://bit.ly/ONH7w @safeway
negative,448,safeway,The safeway bathroom still smells like ass! @safeway
negative,449,safeway,"At safeway on elkhorn, they move like they're dead! @safeway"
neutral,451,eating,Your Normal Weight (and How to Get There) ? Normal Eating Blog http://bit.ly/ZeT8O @eating
neutral,452,eating,Is Eating and Watching Movies.... @eating
neutral,456,eating,eating sashimi @eating
neutral,457,eating,is eating  home made yema @eating
neutral,458,eating,eating cake @eating
positive,531,nike,i love Dwight Howard's vitamin water commercial... now i wish he was with NIKE and not adidas. lol. @nike
negative,532,nike,Found NOTHING at Nike Factory :/ Off to Banana Republic Outlet! http://myloc.me/2zic @nike
neutral,533,nike,iPhone May Get Radio Tagging and Nike  : Recently-released iTunes version 8.2 suggests that VoiceOver functional.. http://tinyurl.com/oq5ctc @nike
positive,534,nike,is lovin his Nike  already and that's only from running on the spot in his bedroom @nike
neutral,556,jquery,Launched! http://imgsearch.net  #imgsearch #ajax #jquery #webapp @jquery
positive,557,jquery,@matthewcyan I finally got around to using jquery to make my bio collapse. Yay for slide animations. @jquery
neutral,558,jquery,RT @jquery: The Ultimate jQuery List - http://jquerylist.com/ @jquery
neutral,559,jquery,I just extracted and open-sourced a jQuery plugin from Stormweight to highlight text with a regular expression: http://bit.ly/ybJKb @jquery
neutral,560,jquery,@anna_debenham what was the php jquery hack? @jquery
neutral,561,jquery,jQuery Cheat Sheet http://www.javascripttoolbox.com/jquery/cheatsheet/ @jquery
neutral,562,jquery,Beginning JavaScript and CSS Development with jQuery #javascript #css #jquery http://bit.ly/TO3e5 @jquery
positive,563,warren buffet,"@PDubyaD right!!! LOL we'll get there!! I have high expectations, Warren Buffet style. @warren buffet"
positive,564,warren buffet,"RT @blknprecious1: RT GREAT @dbroos ""Someone's sitting in the shade today because someone planted a tree a long time ago.""- Warren Buffet @warren buffet"
neutral,565,warren buffet,Warren Buffet on the economy http://ping.fm/Lau0p @warren buffet
positive,566,warren buffet,"Warren Buffet became (for a time) the richest man in the United States, not by working but investing in 1 Big idea which lead to the fortune @warren buffet"
positive,567,notre dame school,"According to the create a school, Notre Dame will have 7 receivers in NCAA 10 at 84 or higher rating :) *sweet* @notre dame school"
neutral,568,notre dame school,All-Star Basketball Classic Tuesday Features Top Talent: Chattanooga's Notre Dame High School will play host.. http://bit.ly/qltJA @notre dame school
positive,569,kindle2,@BlondeBroad it's definitely under warranty &amp; my experience is the amazon support for kindle is great! had to contact them about my kindle2 @kindle2
neutral,570,kindle2,"RT Look, Available !Amazon Kindle2 &amp; Kindle DX, Get it Here: http://short.to/87ub The Top Electronic Book Reader Period, free 2 day ship ... @kindle2"
negative,571,time warner,Time Warner Road Runner customer support here absolutely blows. I hate not having other high-speed net options. I'm ready to go nuclear. @time warner
negative,572,time warner,Time Warner cable phone reps r dumber than nails!!!!! UGH! Cable was working 10 mins ago now its not WTF! @time warner
negative,573,time warner,@siratomofbones we tried but Time Warner wasn't being nice so we recorded today. :) @time warner
negative,574,time warner,OMG - time warner f'ed up my internet install - instead of today  its now NEXT saturday - another week w/o internet! &amp;$*ehfa^V9fhg[*# fml. @time warner
negative,575,time warner,"wth..i have never seen a line this loooong at time warner before, ugh. @time warner"
negative,576,time warner,Impatiently awaiting the arrival of the time warner guy. It's way too pretty to be inside all afternoon @time warner
neutral,577,federer,Man accosts Roger Federer during French Open http://ff.im/3HCPT @federer
negative,578,"""naive bayes""","Naive Bayes using EM for Text Classification. Really Frustrating... @""naive bayes"""
positive,585,stanford,We went to Stanford University today. Got a tour. Made me want to go back to college. It's also decided all of our kids will go there. @stanford
neutral,586,stanford,Investigation pending on death of Stanford CS prof / Google mentor Rajeev Motwani http://bit.ly/LwOUR tip @techmeme @stanford
neutral,587,stanford,"I'm going to bed. It was a successful weekend. Stanford, here I come. @stanford"
negative,588,car warranty call,"@KarrisFoxy If you're being harassed by calls about your car warranty, changing your number won't fix that. They call every number. #d-bags @car warranty call"
negative,589,car warranty call,Just blocked United Blood Services using Google Voice. They call more than those Car Warranty guys. @car warranty call
negative,594,at&t,#at&amp;t is complete fail. @at&t
negative,595,at&t,@broskiii OH SNAP YOU WORK AT AT&amp;T DON'T YOU @at&t
negative,596,at&t,@Mbjthegreat i really dont want AT&amp;T phone service..they suck when it comes to having a signal @at&t
negative,597,at&t,"I say we just cut out the small talk: AT&amp;T's new slogan: F__k you, give us your money. (Apologies to Bob Geldof.) @at&t"
negative,598,at&t,pissed about at&amp;t's mid-contract upgrade price for the iPhone (it's $200 more) I'm not going to pay $499 for something I thought was $299 @at&t
negative,599,at&t,Safari 4 is fast :) Even on my shitty AT&amp;T tethering. @at&t
negative,600,at&t,@ims What is AT&amp;T fucking up? @at&t
negative,601,at&t,@springsingfiend @dvyers @sethdaggett @jlshack AT&amp;T dropped the ball and isn't supporting crap with the new iPhone 3.0... FAIL #att SUCKS!!! @at&t
negative,602,at&t,"@MMBarnhill yay, glad you got the phone! Still, damn you, AT&amp;T. @at&t"
neutral,603,wave sandbox,Google Wave Developer Sandbox Account Request http://bit.ly/2NYlc @wave sandbox
negative,613,bing,"Talk is Cheap: Bing that, I?ll stick with Google. http://bit.ly/XC3C8 @bing"
negative,614,summize,"@defsounds WTF is the point of deleting tweets if they can still be found in summize and searches? Twitter, please fix that. Thanks and bye @summize"
neutral,626,google,@mattcutts have google profiles stopped showing up in searches? cant see them anymore @google
positive,627,google,@ArunBasilLal I love Google Translator too ! :D Good day mate ! @google
positive,1002,kindle2,reading on my new Kindle2! @kindle2
positive,1003,kindle2,My Kindle2 came and I LOVE it! :) @kindle2
positive,1004,kindle2,"LOVING my new Kindle2.  Named her Kendra in case u were wondering. The ""cookbook"" is THE tool cuz it tells u all the tricks!  Best gift EVR! @kindle2"
negative,1005,aig,The real AIG scandal / http://bit.ly/b82Px @aig
neutral,1006,twitter,Any twitter to aprs apps yet? @twitter
neutral,1007,twitter,45 Pros You Should Be Following on Twitter - http://is.gd/sMbZ @twitter
positive,1008,obama,Obama is quite a good comedian! check out his dinner speech on CNN :) very funny jokes. @obama
positive,1009,obama,"' Barack Obama shows his funny side "" &gt;&gt; http://tr.im/l0gY !! Great speech.. @obama"
positive,1010,obama,"I like this guy : ' Barack Obama shows his funny side "" &gt;&gt; http://tr.im/l0gY !! @obama"
positive,1011,obama,Obama's speech was pretty awesome last night! http://bit.ly/IMXUM @obama
positive,1012,obama,"Reading  ""Bill Clinton Fail - Obama Win?"" http://tinyurl.com/pcyxj7 @obama"
positive,1013,obama,Obama More Popular Than U.S. Among Arabs: Survey: President Barack Obama's popularity in leading Arab countries .. http://tinyurl.com/prlvqu @obama
positive,1014,obama,Obama's got JOKES!! haha just got to watch a bit of his after dinner speech from last night... i'm in love with mr. president ;) @obama
negative,1015,lebron,LEbron james got in a car accident i guess..just heard it on evening news...wow i cant believe it..will he be ok ? http://twtad.com/69750 @lebron
positive,1016,lebron,is it me or is this the best the playoffs have been in years oh yea lebron and melo in the finals @lebron
positive,1017,lebron,"@khalid0456 No, Lebron is the best @lebron"
positive,1018,lebron,@the_real_usher LeBron is cool.  I like his personality...he has good character. @lebron
positive,1019,lebron,Watching Lebron highlights. Damn that niggas good @lebron
positive,1020,lebron,@Lou911 Lebron is MURDERING shit. @lebron
positive,1021,lebron,@uscsports21 LeBron is a monsta and he is only 24. SMH The world ain't ready. @lebron
positive,1022,lebron,@cthagod when Lebron is done in the NBA he will probably be greater than Kobe. Like u said Kobe is good but there alot of 'good' players. @lebron
positive,1023,lebron,KOBE IS GOOD BT LEBRON HAS MY VOTE @lebron
negative,1024,lebron,Kobe is the best in the world not lebron . @lebron
positive,1025,world cup,"@asherroth World Cup 2010 Access?? Damn, that's a good look! @world cup"
positive,1026,world cup 2010,Just bought my tickets for the 2010 FIFA World Cup in South Africa. Its going to be a great summer. http://bit.ly/9GEZI @world cup 2010
neutral,1031,fred wilson,Share: Disruption...Fred Wilson's slides for his talk at Google HQ  http://bit.ly/Bo8PG @fred wilson
negative,2010,"""booz allen""","I have to go to Booz Allen Hamilton for a 2hr meeting :(  But then i get to go home :) @""booz allen"""
positive,2011,indian election,"The great Indian tamasha truly will unfold from May 16, the result day for Indian General Election. @indian election"
positive,2012,kindle2,"@crlane I have the Kindle2. I've seen pictures of the DX, but haven't seen it in person. I love my Kindle - I'm on it everyday. @kindle2"
positive,2013,kindle2,@criticalpath Such an awesome idea - the  continual learning program with a Kindle2  http://bit.ly/1ZLfF @kindle2
neutral,2014,40d,ok.. do nothing.. just thinking about 40D @40d
positive,2015,40d,"@faithbabywear Ooooh, what model are you getting??? I have the 40D and LOVE LOVE LOVE LOVE it! @40d"
positive,2018,india election,The Times of India: The wonder that is India's election. http://bit.ly/p7u1H @india election
positive,2080,google,http://is.gd/ArUJ Good video from Google on using search options. @google
negative,2083,itchy,@ambcharlesfield lol. Ah my skin is itchy :( damn lawnmowing. @itchy
negative,2084,itchy,itchy back!! dont ya hate it! @itchy
positive,2085,stanford,Stanford Charity Fashion Show a top draw http://cli.gs/NeNuAH @stanford
positive,2086,stanford,Stanford University?s Facebook Profile is One of the Most Popular Official University Pages - http://tinyurl.com/p5b3fl @stanford
positive,2087,lyx,Lyx is cool. @lyx
positive,2093,Danny Gokey,SOOO DISSAPOiNTED THEY SENT DANNY GOKEY HOME... YOU STiLL ROCK ...DANNY ... MY HOMETOWN HERO !! YEAH MiLROCKEE!! @Danny Gokey
positive,2094,Danny Gokey,"RT @PassionModel 'American Idol' fashion: Adam Lambert tones down, Danny Gokey cute ... http://cli.gs/7JWSHV @Danny Gokey"
positive,2095,Danny Gokey,@dannygokey I love you DANNY GOKEY!! :) @Danny Gokey
neutral,2096,gm,RT @justindavey: RT @tweetmeme GM OnStar now instantly sends accident location coordinates to 911 | GPS Obsessed http://bit.ly/16szL1 @gm
negative,2097,sleep,so tired. i didn't sleep well at all last night. @sleep
negative,2098,san francisco,Boarding plane for San Francisco in 1 hour; 6 hr flight. Blech. @san francisco
negative,2099,san francisco,bonjour San Francisco. My back hurts from last night.. @san francisco
neutral,2100,san francisco,"breakers. in San Francisco, CA http://loopt.us/4v88Bw.t @san francisco"
neutral,2101,san francisco,Heading to San Francisco @san francisco
positive,2102,san francisco,With my best girl for a few more hours in San francisco. Mmmmmfamily is wonderful! @san francisco
negative,2103,aig,"F*** up big, or go home - AIG @aig"
positive,2104,star trek,Went to see the Star Trek movie last night.  Very satisfying. @star trek
positive,2105,star trek,"I can't wait, going to see star trek tonight!! @star trek"
positive,2106,star trek,Star Trek was as good as everyone said!! @star trek
positive,2107,Malcolm Gladwell,am loving new malcolm gladwell book - outliers @Malcolm Gladwell
positive,2108,Malcolm Gladwell,I highly recommend Malcolm Gladwell's 'The Tipping Point.' My next audiobook will probably be one of his as well. @Malcolm Gladwell
negative,2109,Malcolm Gladwell,Malcolm Gladwell is a genius at tricking people into not realizing he's a fucking idiot @Malcolm Gladwell
negative,2110,Malcolm Gladwell,"@sportsguy33 hey no offense but malcolm gladwell is a pretenious, annoying cunt and he brings you down. cant read his shit @Malcolm Gladwell"
positive,2111,Malcolm Gladwell,RT @clashmore: http://bit.ly/SOYv7  Great article by Malcolm Gladwell. @Malcolm Gladwell
positive,2112,Malcolm Gladwell,I seriously underestimated Malcolm Gladwell.  I want to meet this dude. @Malcolm Gladwell
negative,2113,comcast,i hate comcast right now. everything is down cable internet &amp; phone....ughh what am i to do @comcast
negative,2114,comcast,Comcast sucks. @comcast
negative,2115,comcast,The day I never have to deal with Comcast again will rank as one of the best days of my life. @comcast
negative,2116,comcast,@Dommm did comcast fail again?? @comcast
neutral,2117,"""twitter api""","How do you use the twitter API?... http://bit.ly/4VBhH @""twitter api"""
negative,2118,"""twitter api""","curses the Twitter API limit @""twitter api"""
negative,2119,"""twitter api""","Now I can see why Dave Winer screams about lack of Twitter API, its limitations and access throttles! @""twitter api"""
neutral,2120,"""twitter api""","testing Twitter API @""twitter api"""
negative,2121,"""twitter api""","Arg. Twitter API is making me crazy. @""twitter api"""
neutral,2122,"""twitter api""","Testing Twitter API. Remote Update @""twitter api"""
positive,2137,wolfram alpha,I'm really loving the new search site Wolfram/Alpha. Makes Google seem so ... quaint. http://www72.wolframalpha.com/ @wolfram alpha
negative,2138,wolfram alpha,"#wolfram Alpha SUCKS! Even for researchers the information provided is less than you can get from #google or #wikipedia, totally useless! @wolfram alpha"
positive,2139,nike,Off to the NIKE factory!!! @nike
positive,2140,nike,New nike muppet commercials are pretty cute. Why do we live together again? @nike
neutral,2141,nike,New blog post: Nike Zoom LeBron Soldier 3 (III) - White / Black - Teal http://bit.ly/rouUS @nike
neutral,2142,nike,New blog post: Nike Trainer 1 http://bit.ly/394bp @nike
negative,2143,nike,@Fraggle312 oh those are awesome! i so wish they weren't owned by nike :( @nike
positive,2158,shoreline amphitheatre,@tonyhawk http://twitpic.com/5c7uj - AWESOME!!! Seeing the show Friday at the Shoreline Amphitheatre. Never seen NIN before. Can't wait. ... @shoreline amphitheatre
negative,2159,weka,"arhh, It's weka bug. = ="" and I spent almost two hours to find that out. crappy me @weka"
positive,2160,50d,"@mitzs hey bud :) np I do so love my 50D, although I'd love a 5D mkII more @50d"
positive,2161,50d,@jonduenas @robynlyn just got us a 50D for the office. :D @50d
positive,2162,50d,Just picked up my new Canon 50D...it's beautiful!!  Prepare for some seriously awesome photography! @50d
positive,2163,50d,Just got my new toy. Canon 50D. Love love love it! @50d
positive,2164,lambda calculus,Learning about lambda calculus :) @lambda calculus
neutral,2165,east palo alto,"#jobs #sittercity Help with taking care of sick child (East Palo Alto, CA) http://tinyurl.com/qwrr2m @east palo alto"
positive,2166,east palo alto,I'm moving to East Palo Alto! @east palo alto
positive,2171,stanford,@ atebits I just finished watching your Stanford iPhone Class session. I really appreciate it. You Rock! @stanford
positive,2172,stanford,@jktweet Hi! Just saw your Stanford talk and really liked your advice. Just saying Hi from Singapore (yes the videos do get around) @stanford
neutral,2173,stanford,#MBA Admissions Tips Stanford GSB Deadlines and Essay Topics 2009-2010 http://tinyurl.com/pet4fd @stanford
neutral,2174,stanford,Ethics and nonprofits - http://bit.ly/qsXRp  #stanford #socialentrepreneurship @stanford
positive,2175,lakers,LAKERS tonight let's go!!!! @lakers
positive,2176,lakers,Will the Lakers kick the Nuggets ass tonight? @lakers
negative,2177,north korea,Oooooooh... North Korea is in troubleeeee! http://bit.ly/19epAH @north korea
negative,2178,north korea,Wat the heck is North Korea doing!!??!! They just conducted powerful nuclear tests! Follow the link: http://www.msnbc.msn.com/id/30921379 @north korea
negative,2179,north korea,Listening to Obama... Friggin North Korea... @north korea
negative,2180,pelosi,"I just realized we three monkeys in the white Obama.Biden,Pelosi . Sarah Palin 2012 @pelosi"
negative,2181,pelosi,@foxnews Pelosi should stay in China and never come back. @pelosi
negative,2182,pelosi,Nancy Pelosi gave the worst commencement speech I've ever heard. Yes I'm still bitter about this @pelosi
negative,2183,insects,ugh. the amount of times these stupid insects have bitten me. Grr.. @insects
positive,2184,insects,Prettiest insects EVER - Pink Katydids: http://bit.ly/2Upw2p @insects
negative,2185,insects,Just got barraged by a horde of insects hungry for my kitchen light. So scary. @insects
positive,2187,mcdonalds,Just had McDonalds for dinner. :D It was goooood. Big Mac Meal. ;) @mcdonalds
positive,2188,mcdonalds,AHH YES LOL IMA TELL MY HUBBY TO GO GET ME SUM MCDONALDS =] @mcdonalds
positive,2190,mcdonalds,Stopped to have lunch at McDonalds. Chicken Nuggetssss! :) yummmmmy. @mcdonalds
positive,2191,mcdonalds,Could go for a lot of McDonalds. i mean A LOT. @mcdonalds
positive,2193,exam,my exam went good. @HelloLeonie: your prayers worked (: @exam
positive,2194,exam,"Only one exam left, and i am so happy for it :D @exam"
negative,2195,exam,Math review. Im going to fail the exam. @exam
negative,2196,cheney,Colin Powell rocked yesterday on CBS. Cheney needs to shut the hell up and go home.Powell is a man of Honor and served our country proudly @cheney
negative,2197,cheney,obviously not siding with Cheney here: http://bit.ly/19j2d @cheney
positive,2202,mashable,Absolutely hilarious!!! from @mashable:  http://bit.ly/bccWt @mashable
positive,2203,mashable,@mashable I never did thank you for including me in your Top 100 Twitter Authors! You Rock! (&amp; I New Wave :-D) http://bit.ly/EOrFV @mashable
neutral,2204,jquery book,Learning jQuery 1.3 Book Review - http://cfbloggers.org/?c=30629 @jquery book
positive,2205,jquery book,RT @shrop: Awesome JQuery reference book for Coda! http://www.macpeeps.com/coda/ #webdesign @jquery book
positive,2206,goodby silverstein,I've been sending e-mails like crazy today to my contacts...does anyone have a contact at Goodby SIlverstein...I'd love to speak to them @goodby silverstein
neutral,2207,goodby silverstein,Adobe CS4 commercial by Goodby Silverstein: http://bit.ly/1aikhF @goodby silverstein
positive,2208,goodby silverstein,"Goodby, Silverstein's new site... http://www.goodbysilverstein.com/ I enjoy it. @goodby silverstein"
positive,2220,g2,Wow everyone at the Google I/O conference got free G2's with a month of unlimited service @g2
positive,2221,g2,@vkerkez dood I got a free google android phone at the I/O conference. The G2! @g2
positive,2222,g2,"@Orli the G2 is amazing btw, a HUGE improvement over the G1 @g2"
positive,2223,googleio,"HTML 5 Demos! Lots of great stuff to come! Yes, I'm excited. :) http://htmlfive.appspot.com #io2009 #googleio @googleio"
positive,2224,googleio,@googleio http://twitpic.com/62shi - Yay! Happy place! Place place!  I love Google! @googleio
positive,2225,googleio,#GoogleIO | O3D - Bringing 3d graphics to the browser. Very nice tbh. Funfun. @googleio
positive,2295,viral marketing,"Awesome viral marketing for ""Funny People"" http://www.nbc.com/yo-teach/ @viral marketing"
neutral,2296,hitler,"Watching a programme about the life of Hitler, its only enhancing my geekiness of history. @hitler"
negative,2355,"""night at the museum""","saw night at the museum out of sheer desperation. who is funding these movies? @""night at the museum"""
positive,2356,"""night at the museum""","Night At The Museum 2? Pretty furkin good. @""night at the museum"""
positive,2357,"""night at the museum""","Watching Night at the Museum - giggling. @""night at the museum"""
neutral,2358,"""night at the museum""","@pambeeslyjenna Jenna, I went to see Night At The Museum 2 today and I was so surprised to see three cast members from The Office... @""night at the museum"""
neutral,2359,"""night at the museum""","About to watch Night at the Museum with Ryan and Stacy @""night at the museum"""
neutral,2360,"""night at the museum""","Getting ready to go watch Night at the Museum 2.  Dum dum, you give me gum gum! @""night at the museum"""
negative,2361,"""night at the museum""","Back from seeing 'Star Trek' and 'Night at the Museum.' 'Star Trek' was amazing, but 'Night at the Museum' was; eh. @""night at the museum"""
positive,2362,"""night at the museum""","just watched night at the museum 2! so stinkin cute! @""night at the museum"""
positive,2363,"""night at the museum""","So, Night at the Museum 2 was AWESOME! Much better than part 1. Next weekend we'll see Up. @""night at the museum"""
neutral,2364,"""night at the museum""","I think I may have a new favorite restaurant. On our way to see ""Night at the Museum 2"". @""night at the museum"""
neutral,2365,"""night at the museum""","UP! was sold out, so i'm seeing Night At The Museum 2. I'm __ years old. @""night at the museum"""
positive,2366,"""night at the museum""","saw the new Night at the Museum and i loved it. Next is to go see UP in 3D @""night at the museum"""
negative,2367,gm,It is a shame about GM. What if they are forced to make only cars the White House THINKS will sell? What do you think? @gm
negative,2368,gm,"As u may have noticed, not too happy about the GM situation, nor AIG, Lehman, et al @gm"
neutral,2369,gm,Obama: Nationalization of GM to be short-term   (AP) http://tinyurl.com/md347r @gm
negative,2370,gm,@Pittstock $GM good riddance.  sad though. @gm
negative,2371,gm,"I Will NEVER Buy a Government Motors Vehicle: Until just recently, I drove GM cars. Since 1988, when I bought a .. http://tinyurl.com/lulsw8 @gm"
negative,2372,gm,Having the old Coca-Cola guy on the GM board is stupid has heck! #tcot #ala @gm
negative,2373,gm,#RantsAndRaves The worst thing about GM (concord / pleasant hill / martinez): is the fucking UAW. ..   http://buzzup.com/4ueb @gm
negative,2374,gm,"Give a man a fish, u feed him for the day. Teach him to fish, u feed him for life. Buy him GM, and u F**K him over for good. @gm"
negative,2375,gm,"The more I hear about this GM thing the more angry I get. Billions wasted, more bullshit. All for something like 40k employees and all the.. @gm"
negative,2376,gm,@QuantTrader i own a GM car and it is junk as far as quality compared to a honda @gm
negative,2377,gm,sad day...bankrupt GM @gm
negative,2378,gm,is upset about the whole GM thing. life as i know it is so screwed up @gm
negative,2379,time warner,whoever is running time warner needs to be repeatedly raped by a rhino so they understand the consequences of putting out shitty cable svcs @time warner
neutral,2380,time warner,"Time Warner CEO hints at online fees for magazines      (AP) - Read from Mountain View,United States. Views 16209 http://bit.ly/UdFCH @time warner"
negative,2381,time warner,#WFTB Joining a bit late. My connection was down (boo time warner) @time warner
negative,2382,time warner,Cox or Time Warner?  Cox is cheaper and gets a B on dslreports.  TW is more expensive and gets a C. @time warner
negative,2383,time warner,i am furious with time warner and their phone promotions! @time warner
negative,2384,time warner,Just got home from chick-fil-a with the boys. Damn my internets down =( stupid time warner @time warner
negative,2385,time warner,could time-warner cable suck more?  NO. @time warner
negative,2386,time warner,Pissed at Time Warner for causin me to have slow internet problems @time warner
negative,2387,time warner,"@sportsguy33 Ummm, having some Time Warner problems? @time warner"
negative,2388,time warner,You guys see this?  Why does Time Warner have to suck so much ass?  Really wish I could get U-Verse at my apartment. http://bit.ly/s594j @time warner
negative,2389,time warner,"RT @sportsguy33 The upside to Time Warner: unhelpful phone operators   superslow on-site service. Crap, that's not an upside. @time warner"
negative,2390,time warner,"RT @sportsguy33: New Time Warner slogan: ""Time Warner, where we make you long for the days before cable."" @time warner"
negative,2391,time warner,"confirmed: it's Time Warner's fault, not Facebook's, that fb is taking about 3 minutes to load. so tempted to switch to verizon =/ @time warner"
negative,2392,time warner,@sportsguy33 Time Warner = epic fail @time warner
neutral,2393,china,Lawson to head Newedge Hong Kong http://bit.ly/xLQSD #business #china @china
neutral,2394,china,Weird Piano Guitar House in China! http://u2s.me/72i8 @china
neutral,2395,gm,Send us your GM/Chevy photos http://tinyurl.com/luzkpq @gm
negative,2396,gm,I know. How sad is that?  RT @caseymercier: 1st day of hurricane season. That's less scarey than govt taking over GM. @gm
negative,2397,gm,"GM files Bankruptcy, not a good sign... @gm"
positive,2398,yankees,yankees won mets lost. its a good day. @yankees
positive,2399,dentist,My dentist appt today was actually quite enjoyable. @dentist
negative,2400,dentist,I hate the effing dentist. @dentist
neutral,2401,dentist,@stevemoakler i had a dentist appt this morning and had the same conversation! @dentist
negative,2402,dentist,@kirstiealley I hate going to the dentist.. !!! @dentist
negative,2403,dentist,i hate the dentist....who invented them anyways? @dentist
negative,2404,dentist,this dentist's office is cold :/ @dentist
neutral,2405,dentist,Check this video out -- David After Dentist http://bit.ly/47aW2 @dentist
neutral,2406,dentist,First dentist appointment [in years] on Wednesday possibly. @dentist
neutral,2407,baseball,Tom Shanahan's latest column on SDSU and its NCAA Baseball Regional appearance: http://ow.ly/axhu @baseball
neutral,2408,baseball,BaseballAmerica.com: Blog: Baseball America Prospects Blog ? Blog ... http://bit.ly/EtT8a @baseball
neutral,2409,baseball,Portland city politics may undo baseball park http://tinyurl.com/lpjquj @baseball
neutral,2410,safeway,"RT @WaterSISWEB: CA Merced's water bottled by Safeway, resold at a profit: Wells are drying up across the county http://tinyurl.com/mb573s @safeway"
neutral,2411,safeway,dropped her broccoli walking home from safeway! ;( so depressed @safeway
neutral,2412,safeway,@ronjon we don't have Safeway. @safeway
positive,2413,safeway,Just applied at Safeway!(: Yeeeee! @safeway
negative,2414,safeway,@ Safeway. Place is a nightmare right now. Bumming. @safeway
neutral,2415,safeway,at safeway with dad @safeway
negative,2416,safeway,"HATE safeway select green tea icecream! bought two cartons, what a waste of money.  &gt;_&lt; @safeway"
neutral,2417,safeway,"Safeway with Marvin, Janelle, and Auntie Lhu @safeway"
neutral,2418,safeway,Safeway offering mobile coupons http://bit.ly/ONH7w @safeway
neutral,2419,driving,"Phillies Driving in the Cadillac with the Top Down in Cali, Win 5-3 - http://tinyurl.com/nzcjqa @driving"
neutral,2421,eating,Saved money by opting for grocery store trip and stocking food in hotel room fridge vs. eating out every night while out of town. @eating
neutral,2422,eating,"Lounging around, eating Taco Bell and watching NCIS before work tonight. Need help staying awake. @eating"
neutral,2426,eating,eating breakfast and then school @eating
neutral,2427,eating,still hungry after eating.... @eating
neutral,2428,eating,10 tips for healthy eating ? ResultsBy Fitness Blog :: Fitness ... http://bit.ly/62gFn @eating
neutral,2429,eating,"with the boyfriend, eating a quesadilla @eating"
neutral,2430,eating,"Eating dinner. Meat, chips, and risotto. @eating"
neutral,2502,nike,got a new pair of nike shoes. pics up later @nike
neutral,2503,nike,"Nike SB Blazer High ""ACG"" Custom - Brad Douglas - http://timesurl.at/45a448 @nike"
positive,2504,nike,Nike rocks. I'm super grateful for what I've done with them :) &amp; the European Division of NIKE is BEYOND! @whitSTYLES @muchasmuertes @nike
neutral,2505,nike,Nike Air Yeezy Khaki/Pink Colorway Release - http://shar.es/bjfN @nike
positive,2506,nike,@evelynbyrne have you tried Nike  ? V. addictive. @nike
neutral,2507,nike,@erickoston That looks an awful lot like one of Nike's private jets....I'm just sayin.... @nike
positive,2508,nike,The Nike Training Club (beta) iPhone app looks very interesting. @nike
negative,2529,jquery,argghhhh why won't  my jquery appear in safari bad safari !!! @jquery
neutral,2530,jquery,DevSnippets : jQuery Tools - Javascript UI Components for the Web... http://inblogs.org/go/hfuqt @jquery
neutral,2531,jquery,"all about Ajax,jquery ,css ,JavaScript and more... (many examples) http://ajaxian.com/ @jquery"
positive,2532,jquery,"I'm ready to drop the pretenses, I am forever in love with jQuery, and I want to marry it. Sorry ladies, this nerd is jquery.spokenFor.js @jquery"
neutral,2533,jquery,"This is cold.. I was looking at google's chart//visualization API and found this jQuery ""wrapper"" for the API...  http://tinyurl.com/mq52bq @jquery"
neutral,2534,jquery,I spent most of my day reading a jQuery book. Now to start drinking some delirium tremens. @jquery
neutral,2535,jquery,jquery Selectors http://codylindley.com/jqueryselectors/ @jquery
neutral,2536,jquery,How to implement a news ticker with jQuery and ten lines of code http://bit.ly/CZnFJ @jquery
neutral,2537,warren buffet,What's Buffet Doing? Warren Buffett Kicks Butt In Battle of the Boots: Posted By:Alex Crippe.. http://bit.ly/AUIzO @warren buffet
positive,2538,warren buffet,"SUPER INVESTORS: A great weekend read here from Warren Buffet. Oldie, but a goodie. http://tinyurl.com/oqxgga @warren buffet"
neutral,2539,warren buffet,I'm truly braindead.  I couldn't come up with Warren Buffet's name to save my soul @warren buffet
positive,2540,warren buffet,"reading Michael Palin book, The Python Years...great book. I also recommend Warren Buffet &amp; Nelson Mandela's bio @warren buffet"
positive,2541,notre dame school,"I mean, I'm down with Notre Dame if I have to.  It's a good school, I'd be closer to Dan, I'd enjoy it. @notre dame school"
negative,2543,time warner,"I can't watch TV without a Tivo.  And after all these years, the Time/Warner DVR  STILL sucks. http://www.davehitt.com/march03/twdvr.html @time warner"
positive,2544,federer,I'd say some sports writers are idiots for saying Roger Federer is one of the best ever in Tennis.  Roger Federer is THE best ever in Tennis @federer
negative,2545,kindle2,I still love my Kindle2 but reading The New York Times on it does not feel natural. I miss the Bloomingdale ads. @kindle2
positive,2546,kindle2,I love my Kindle2. No more stacks of books to trip over on the way to the loo. @kindle2
negative,2558,at&t,"Although today's keynote rocked, for every great announcement, AT&amp;T shit on us just a little bit more. @at&t"
negative,2559,at&t,"@sheridanmarfil - its not so much my obsession with cell phones, but the iphone!  i'm a slave to at&amp;t forever because of it. :) @at&t"
neutral,2560,at&t,@freitasm oh I see. I thought AT&amp;T were 900MHz WCDMA? @at&t
neutral,2561,at&t,@Plip Where did you read about tethering support Phil?  Just AT&amp;T or will O2 be joining in? @at&t
negative,2562,at&t,Fuzzball is more fun than AT&amp;T ;P http://fuzz-ball.com/twitter @at&t
negative,2563,at&t,"Today is a good day to dislike AT&amp;T. Vote out of office indeed, @danielpunkass @at&t"
positive,2564,wave sandbox,GOT MY WAVE SANDBOX INVITE! Extra excited! Too bad I have class now... but I'll play with it soon enough! #io2009 #wave @wave sandbox
negative,2575,summize,looks like summize has gone down. too many tweets from WWDC perhaps? @summize
neutral,2576,kindle2,I hope the girl at work  buys my Kindle2 @kindle2
neutral,2577,kindle2,Missed this insight-filled May column: One smart guy looking closely at why he's impressed with Kindle2 http://bit.ly/i0peY @wroush @kindle2
positive,2578,kindle2,"@sklososky Thanks so much!!! ...from one of your *very* happy Kindle2 winners ; ) I was so surprised, fabulous. Thank you! Best, Kathleen @kindle2"
negative,2579,iphone app,Man I kinda dislike Apple right now. Case in point: the iPhone 3GS. Wish there was a video recorder app. Please?? http://bit.ly/DZm1T @iphone app
positive,7011,kindle2,@cwong08 I have a Kindle2 (&amp; Sony PRS-500). Like it! Physical device feels good. Font is nice. Pg turns are snappy enuf. UI a little klunky. @kindle2
positive,7012,kindle2,"The #Kindle2 seems the best eReader, but will it work in the UK and where can I get one? @kindle2"
positive,7015,google,"I have a google addiction. Thank you for pointing that out, @annamartin123. Hahaha. @google"
neutral,7055,visa card,@ruby_gem My primary debit card is Visa Electron. @visa card
neutral,8051,visa card,Off to the bank to get my new visa platinum card @visa card
negative,8052,visa card,"dearest @google, you rich bastards! the VISA card you sent me doesn't work. why screw a little guy like me? @visa card"
neutral,13051,Bobby Flay,has a date with bobby flay and gut fieri from food network @Bobby Flay
positive,13052,Bobby Flay,Excited about seeing Bobby Flay and Guy Fieri tomorrow at the Great American Food &amp; Music Fest! @Bobby Flay
positive,13053,Bobby Flay,Gonna go see Bobby Flay 2moro at Shoreline. Eat and drink. Gonna be good. @Bobby Flay
positive,13054,Bobby Flay,can't wait for the great american food and music festival at shoreline tomorrow.  mmm...katz pastrami and bobby flay. yes please. @Bobby Flay
positive,13055,Bobby Flay,"My dad was in NY for a day, we ate at MESA grill last night and met Bobby Flay. So much fun, except I completely lost my voice today. @Bobby Flay"
negative,13073,latex,Fighting with LaTex. Again... @latex
negative,13074,latex,@Iheartseverus we love you too and don't want you to die!!!!!!  Latex = the devil @latex
negative,13075,latex,"7 hours. 7 hours of inkscape crashing, normally solid as a rock. 7 hours of LaTeX complaining at the slightest thing. I can't take any more. @latex"
neutral,13076,iran,How to Track Iran with Social Media: http://bit.ly/2BoqU @iran
negative,13077,iran,Shit's hitting the fan in Iran...craziness indeed #iranelection @iran
negative,13078,iran,Monday already. Iran may implode. Kitchen is a disaster. @annagoss seems happy. @sebulous had a nice weekend and @goldpanda is great. whoop. @iran
neutral,14045,aapl,Twitter Stock buzz: $AAPL $ES_F $SPY $SPX $PALM  (updated: 12:00 PM) @aapl
positive,14046,Bobby Flay,getting ready to test out some burger receipes this weekend. Bobby Flay has some great receipes to try. Thanks Bobby. @Bobby Flay
neutral,14049,Bobby Flay,@johncmayer is Bobby Flay joining you? @Bobby Flay
positive,14050,Bobby Flay,i lam so in love with Bobby Flay... he is my favorite. RT @terrysimpson: @bflay you need a place in Phoenix. We have great peppers here! @Bobby Flay
negative,14069,latex,"I just created my first LaTeX file from scratch. That didn't work out very well. (See @amandabittner , it's a great time waster) @latex"
positive,14070,latex,using Linux and loving it - so much nicer than windows... Looking forward to using the wysiwyg latex editor! @latex
positive,14071,latex,"After using LaTeX a lot, any other typeset mathematics just looks hideous. @latex"
neutral,14072,latex,Ask Programming: LaTeX or InDesign?: submitted by calcio1 [link] [1 comment] http://tinyurl.com/myfmf7 @latex
negative,14073,latex,"On that note, I hate Word. I hate Pages. I hate LaTeX. There, I said it. I hate LaTeX. All you TEXN3RDS can come kill me now. @latex"
positive,14074,latex,Ahhh... back in a *real* text editing environment. I &lt;3 LaTeX. @latex
negative,14075,iran,"Trouble in Iran, I see. Hmm. Iran. Iran so far away. #flockofseagullsweregeopoliticallycorrect @iran"
negative,14076,iran,Reading the tweets coming out of Iran... The whole thing is terrifying and incredibly sad... @iran
